Workbook

Sheet 原始数据
A1: 订单日期 | B1: 销售渠道 | C1: 商品品类 | D1: 订单ID | E1: 商品ID | F1: 商品名称 | G1: 销售数量 | H1: 销售金额 | I1: 退款金额 | J1: 净总金额 | K1: PV | L1: UV
A2: 45901 | B2: 拼多多 | C2: 智能设备 | D2: ORD-0121 | E2: PROD-004 | F2: 智能手表D | G2: 2 | H2: 3353 | I2: 2450.5688 | J2: =表1[[#This Row],[销售金额]]-表1[[#This Row],[退款金额]] -> 902.43121 | K2: 680 | L2: 331
A3: 45901 | B3: 拼多多 | C3: 智能设备 | D3: ORD-0121 | E3: PROD-004 | F3: 智能手表D | G3: 2 | H3: 3831 | I3: 2450.5688 | J3: =表1[[#This Row],[销售金额]]-表1[[#This Row],[退款金额]] -> 1380.4312 | K3: 680 | L3: 331
A4: 45901 | B4: 拼多多 | C4: 智能设备 | D4: ORD-0121 | E4: PROD-004 | F4: 智能手表D | G4: 2 | H4: 3646 | I4: 2450.5688 | J4: =表1[[#This Row],[销售金额]]-表1[[#This Row],[退款金额]] -> 1195.4312 | K4: 680 | L4: 331
A5: 45901 | B5: 拼多多 | C5: 智能设备 | D5: ORD-0121 | E5: PROD-004 | F5: 智能手表D | G5: 2 | H5: 7034 | I5: 2450.5688 | J5: =表1[[#This Row],[销售金额]]-表1[[#This Row],[退款金额]] -> 4583.4312 | K5: 680 | L5: 331
A6: 45901 | B6: 拼多多 | C6: 智能设备 | D6: ORD-0121 | E6: PROD-004 | F6: 智能手表D | G6: 2 | H6: 2782 | I6: 2450.5688 | J6: =表1[[#This Row],[销售金额]]-表1[[#This Row],[退款金额]] -> 331.43121 | K6: 680 | L6: 331
A7: 45901 | B7: 拼多多 | C7: 智能设备 | D7: ORD-0121 | E7: PROD-004 | F7: 智能手表D | G7: 2 | H7: 7161 | I7: 2450.5688 | J7: =表1[[#This Row],[销售金额]]-表1[[#This Row],[退款金额]] -> 4710.4312 | K7: 680 | L7: 331
A8: 45901 | B8: 拼多多 | C8: 智能设备 | D8: ORD-0121 | E8: PROD-004 | F8: 智能手表D | G8: 2 | H8: 6397 | I8: 2450.5688 | J8: =表1[[#This Row],[销售金额]]-表1[[#This Row],[退款金额]] -> 3946.4312 | K8: 680 | L8: 331
A9: 45901 | B9: 拼多多 | C9: 智能设备 | D9: ORD-0121 | E9: PROD-004 | F9: 智能手表D | G9: 2 | H9: 6061 | I9: 2450.5688 | J9: =表1[[#This Row],[销售金额]]-表1[[#This Row],[退款金额]] -> 3610.4312 | K9: 680 | L9: 331
A10: 45901 | B10: 拼多多 | C10: 智能设备 | D10: ORD-0121 | E10: PROD-004 | F10: 智能手表D | G10: 2 | H10: 5757 | I10: 2450.5688 | J10: =表1[[#This Row],[销售金额]]-表1[[#This Row],[退款金额]] -> 3306.4312 | K10: 680 | L10: 331
A11: 45901 | B11: 拼多多 | C11: 数码配件 | D11: ORD-0142 | E11: PROD-008 | F11: 电竞鼠标H | G11: 4 | H11: 4002 | I11: 1168.0658 | J11: =表1[[#This Row],[销售金额]]-表1[[#This Row],[退款金额]] -> 2833.9342 | K11: 477 | L11: 757
A12: 45901 | B12: 拼多多 | C12: 数码配件 | D12: ORD-0142 | E12: PROD-008 | F12: 电竞鼠标H | G12: 4 | H12: 5836 | I12: 1168.0658 | J12: =表1[[#This Row],[销售金额]]-表1[[#This Row],[退款金额]] -> 4667.9342 | K12: 477 | L12: 757
A13: 45901 | B13: 拼多多 | C13: 数码配件 | D13: ORD-0142 | E13: PROD-008 | F13: 电竞鼠标H | G13: 4 | H13: 3721 | I13: 1168.0658 | J13: =表1[[#This Row],[销售金额]]-表1[[#This Row],[退款金额]] -> 2552.9342 | K13: 477 | L13: 757
... A2001: 45930 | B2001: 拼多多 | C2001: 智能设备 | D2001: ORD-0171 | E2001: PROD-012 | F2001: 行车记录仪L | G2001: 15 | H2001: 5189 | I2001: 4946.7933 | J2001: =表1[[#This Row],[销售金额]]-表1[[#This Row],[退款金额]] -> 242.2067 | K2001: 692 | L2001: 318

Sheet 统计区
C3: 销售数据统计
B7: 总金额（未去退款额）
B8: 微信小店 | D8: =SUMIF(原始数据!B2:B2001,"微信小店",原始数据!H2:H2001) -> 2061949
B9: 官网 | D9: =SUMIF(原始数据!B2:B2001,"官网",原始数据!H2:H2001) -> 5783272
B10: 抖音 | D10: =SUMIF(原始数据!B2:B2001,"抖音",原始数据!H2:H2001) -> 5323629
B11: 淘宝 | D11: =SUMIF(原始数据!B2:B2001,"淘宝",原始数据!H2:H2001) -> 6513651
B12: 京东 | D12: =SUMIF(原始数据!B2:B2001,"京东",原始数据!H2:H2001) -> 3900258 | G12: 整体转化率 | K12: =SUM(原始数据!$G$2:$G$2001)/SUM(原始数据!$L$2:$L$2001) -> 0.020671606
B13: 拼多多 | D13: =SUMIF(原始数据!B2:B2001,"拼多多",原始数据!H2:H2001) -> 5703255 | G13: （销售数除以总访问数）
B14: 总金额 | D14: =SUM(原始数据!H2:H2001) -> 29286014 | G14: 总退款额 | K14: =$D$14-$D$22 -> 24273776
G15: （净金额减总金额）
B16: 净金额 | G16: 客单价 | K16: =$D$22/SUM(原始数据!$G$2:$G$2001) -> 233.21412
B17: 微信小店 | D17: =SUMIF(原始数据!B2:B2001,"微信小店",原始数据!J2:J2001) -> 550467.43 | G17: (净销售额除以支付订单数)
B18: 抖音 | D18: =SUMIF(原始数据!B2:B2001,"抖音",原始数据!J2:J2001) -> 840306.72
B19: 淘宝 | D19: =SUMIF(原始数据!B2:B2001,"淘宝",原始数据!J2:J2001) -> 1002590.4
B20: 京东 | D20: =SUMIF(原始数据!B2:B2001,"京东",原始数据!J2:J2001) -> 632235.51
B21: 拼多多 | D21: =SUMIF(原始数据!B2:B2001,"拼多多",原始数据!J2:J2001) -> 1067317.8
B22: 总金额 | D22: =SUM(原始数据!J2:J2001) -> 5012237.8
B24: 按日期 / 渠道汇总销量
B25: 开始日期： | D25: 45901
B26: 结束日期： | D26: 45930
B27: 销售渠道： | D27: 淘宝
B28: 汇总销量显示区： | D28: =IFERROR(SUMIFS(原始数据!$G$2:$G$2001, 原始数据!$A$2:$A$2001, ">="&$D$25, 原始数据!$A$2:$A$2001, "<="&$D$26, 原始数据!$B$2:$B$2001, $D$27), 0) -> 3990

Sheet 可视化区域
A1: mouth | B1: 销售数量 | C1: 净总金额 | E1: Aux | G1: 平均值： | H1: mouth | I1: 销售数量 | J1: 净总金额
A2: =表1[[#This Row],[订单日期]] -> 45901 | B2: =原始数据!G2/(原始数据!G$2/100) -> 100 | C2: =原始数据!J2/(原始数据!J$2/100) -> 100 | E2: X | F2: =A2 -> 45901 | H2: {=_xlfn.UNIQUE(A3:A2001)} -> 45901 | I2: =AVERAGEIF(A:A, H2, B:B) -> 425 | J2: =AVERAGEIF(A:A, H2, C:C) -> 276.34233
A3: =表1[[#This Row],[订单日期]] -> 45901 | B3: =原始数据!G3/(原始数据!G$2/100) -> 100 | C3: =原始数据!J3/(原始数据!J$2/100) -> 152.96803 | E3: Y | F3: 100 | H3: 45902 | I3: =AVERAGEIF(A:A, H3, B:B) -> 787.09677 | J3: =AVERAGEIF(A:A, H3, C:C) -> 293.25119
A4: =表1[[#This Row],[订单日期]] -> 45901 | B4: =原始数据!G4/(原始数据!G$2/100) -> 100 | C4: =原始数据!J4/(原始数据!J$2/100) -> 132.46785 | E4: length_errorbar | F4: 50 | H4: 45903 | I4: =AVERAGEIF(A:A, H4, B:B) -> 340 | J4: =AVERAGEIF(A:A, H4, C:C) -> 289.21487
A5: =表1[[#This Row],[订单日期]] -> 45901 | B5: =原始数据!G5/(原始数据!G$2/100) -> 100 | C5: =原始数据!J5/(原始数据!J$2/100) -> 507.89813 | H5: 45904 | I5: =AVERAGEIF(A:A, H5, B:B) -> 640 | J5: =AVERAGEIF(A:A, H5, C:C) -> 286.3271
A6: =表1[[#This Row],[订单日期]] -> 45901 | B6: =原始数据!G6/(原始数据!G$2/100) -> 100 | C6: =原始数据!J6/(原始数据!J$2/100) -> 36.726479 | H6: 45905 | I6: =AVERAGEIF(A:A, H6, B:B) -> 590.71429 | J6: =AVERAGEIF(A:A, H6, C:C) -> 306.48177
A7: =表1[[#This Row],[订单日期]] -> 45901 | B7: =原始数据!G7/(原始数据!G$2/100) -> 100 | C7: =原始数据!J7/(原始数据!J$2/100) -> 521.97122 | H7: 45906 | I7: =AVERAGEIF(A:A, H7, B:B) -> 675 | J7: =AVERAGEIF(A:A, H7, C:C) -> 281.3159
A8: =表1[[#This Row],[订单日期]] -> 45901 | B8: =原始数据!G8/(原始数据!G$2/100) -> 100 | C8: =原始数据!J8/(原始数据!J$2/100) -> 437.31103 | H8: 45907 | I8: =AVERAGEIF(A:A, H8, B:B) -> 417.14286 | J8: =AVERAGEIF(A:A, H8, C:C) -> 294.2177
A9: =表1[[#This Row],[订单日期]] -> 45901 | B9: =原始数据!G9/(原始数据!G$2/100) -> 100 | C9: =原始数据!J9/(原始数据!J$2/100) -> 400.07827 | H9: 45908 | I9: =AVERAGEIF(A:A, H9, B:B) -> 492.25352 | J9: =AVERAGEIF(A:A, H9, C:C) -> 300.36521
A10: =表1[[#This Row],[订单日期]] -> 45901 | B10: =原始数据!G10/(原始数据!G$2/100) -> 100 | C10: =原始数据!J10/(原始数据!J$2/100) -> 366.3915 | H10: 45909 | I10: =AVERAGEIF(A:A, H10, B:B) -> 150 | J10: =AVERAGEIF(A:A, H10, C:C) -> 300.88947
A11: =表1[[#This Row],[订单日期]] -> 45901 | B11: =原始数据!G11/(原始数据!G$2/100) -> 200 | C11: =原始数据!J11/(原始数据!J$2/100) -> 314.03326 | H11: 45910 | I11: =AVERAGEIF(A:A, H11, B:B) -> 587.5 | J11: =AVERAGEIF(A:A, H11, C:C) -> 241.52314
A12: =表1[[#This Row],[订单日期]] -> 45901 | B12: =原始数据!G12/(原始数据!G$2/100) -> 200 | C12: =原始数据!J12/(原始数据!J$2/100) -> 517.26205 | H12: 45911 | I12: =AVERAGEIF(A:A, H12, B:B) -> 622.72727 | J12: =AVERAGEIF(A:A, H12, C:C) -> 268.97332
A13: =表1[[#This Row],[订单日期]] -> 45901 | B13: =原始数据!G13/(原始数据!G$2/100) -> 200 | C13: =原始数据!J13/(原始数据!J$2/100) -> 282.89516 | H13: 45912 | I13: =AVERAGEIF(A:A, H13, B:B) -> 575 | J13: =AVERAGEIF(A:A, H13, C:C) -> 270.77321
A14: =表1[[#This Row],[订单日期]] -> 45901 | B14: =原始数据!G14/(原始数据!G$2/100) -> 200 | C14: =原始数据!J14/(原始数据!J$2/100) -> 255.30302 | H14: 45913 | I14: =AVERAGEIF(A:A, H14, B:B) -> 468 | J14: =AVERAGEIF(A:A, H14, C:C) -> 308.62356
A15: =表1[[#This Row],[订单日期]] -> 45901 | B15: =原始数据!G15/(原始数据!G$2/100) -> 200 | C15: =原始数据!J15/(原始数据!J$2/100) -> 462.74266 | H15: 45914 | I15: =AVERAGEIF(A:A, H15, B:B) -> 750 | J15: =AVERAGEIF(A:A, H15, C:C) -> 272.30615
A16: =表1[[#This Row],[订单日期]] -> 45901 | B16: =原始数据!G16/(原始数据!G$2/100) -> 200 | C16: =原始数据!J16/(原始数据!J$2/100) -> 32.571366 | H16: 45915 | I16: =AVERAGEIF(A:A, H16, B:B) -> 1100 | J16: =AVERAGEIF(A:A, H16, C:C) -> 251.47007
... A31: =表1[[#This Row],[订单日期]] -> 45901 | B31: =原始数据!G31/(原始数据!G$2/100) -> 850 | C31: =原始数据!J31/(原始数据!J$2/100) -> 289.36566 | H31: 45930 | I31: =AVERAGEIF(A:A, H31, B:B) -> 383.33333 | J31: =AVERAGEIF(A:A, H31, C:C) -> 196.18259
A32: =表1[[#This Row],[订单日期]] -> 45901 | B32: =原始数据!G32/(原始数据!G$2/100) -> 850 | C32: =原始数据!J32/(原始数据!J$2/100) -> 267.53574
A33: =表1[[#This Row],[订单日期]] -> 45901 | B33: =原始数据!G33/(原始数据!G$2/100) -> 850 | C33: =原始数据!J33/(原始数据!J$2/100) -> 372.91773
A34: =表1[[#This Row],[订单日期]] -> 45901 | B34: =原始数据!G34/(原始数据!G$2/100) -> 850 | C34: =原始数据!J34/(原始数据!J$2/100) -> 509.99189
A35: =表1[[#This Row],[订单日期]] -> 45901 | B35: =原始数据!G35/(原始数据!G$2/100) -> 850 | C35: =原始数据!J35/(原始数据!J$2/100) -> 118.4939
A36: =表1[[#This Row],[订单日期]] -> 45901 | B36: =原始数据!G36/(原始数据!G$2/100) -> 850 | C36: =原始数据!J36/(原始数据!J$2/100) -> 488.3836
A37: =表1[[#This Row],[订单日期]] -> 45901 | B37: =原始数据!G37/(原始数据!G$2/100) -> 850 | C37: =原始数据!J37/(原始数据!J$2/100) -> 177.44577
A38: =表1[[#This Row],[订单日期]] -> 45902 | B38: =原始数据!G38/(原始数据!G$2/100) -> 250 | C38: =原始数据!J38/(原始数据!J$2/100) -> 473.54431
A39: =表1[[#This Row],[订单日期]] -> 45902 | B39: =原始数据!G39/(原始数据!G$2/100) -> 250 | C39: =原始数据!J39/(原始数据!J$2/100) -> 286.82648
A40: =表1[[#This Row],[订单日期]] -> 45902 | B40: =原始数据!G40/(原始数据!G$2/100) -> 250 | C40: =原始数据!J40/(原始数据!J$2/100) -> 302.1185
A41: =表1[[#This Row],[订单日期]] -> 45902 | B41: =原始数据!G41/(原始数据!G$2/100) -> 250 | C41: =原始数据!J41/(原始数据!J$2/100) -> 426.67093
A42: =表1[[#This Row],[订单日期]] -> 45902 | B42: =原始数据!G42/(原始数据!G$2/100) -> 250 | C42: =原始数据!J42/(原始数据!J$2/100) -> 514.32304
A43: =表1[[#This Row],[订单日期]] -> 45902 | B43: =原始数据!G43/(原始数据!G$2/100) -> 250 | C43: =原始数据!J43/(原始数据!J$2/100) -> 78.38954
... A2001: =表1[[#This Row],[订单日期]] -> 45930 | B2001: =原始数据!G2001/(原始数据!G$2/100) -> 750 | C2001: =原始数据!J2001/(原始数据!J$2/100) -> 26.839353
